-- phpMyAdmin SQL Dump
-- version 5.2.0
-- https://www.phpmyadmin.net/
--
-- Servidor: 127.0.0.1:3306
-- Tiempo de generación: 15-12-2023 a las 21:10:07
-- Versión del servidor: 8.0.31
-- Versión de PHP: 8.0.26

SET SQL_MODE = "NO_AUTO_VALUE_ON_ZERO";
START TRANSACTION;
SET time_zone = "+00:00";


/*!40101 SET @OLD_CHARACTER_SET_CLIENT=@@CHARACTER_SET_CLIENT */;
/*!40101 SET @OLD_CHARACTER_SET_RESULTS=@@CHARACTER_SET_RESULTS */;
/*!40101 SET @OLD_COLLATION_CONNECTION=@@COLLATION_CONNECTION */;
/*!40101 SET NAMES utf8mb4 */;

--
-- Base de datos: `padel`
--

-- --------------------------------------------------------

--
-- Estructura de tabla para la tabla `detalle_venta`
--

DROP TABLE IF EXISTS `detalle_venta`;
CREATE TABLE IF NOT EXISTS `detalle_venta` (
  `id` int NOT NULL AUTO_INCREMENT,
  `id_venta` int NOT NULL,
  `id_producto` int NOT NULL,
  `precio_unitario` decimal(20,2) NOT NULL,
  `cantidad` int NOT NULL,
  `descargado` int NOT NULL,
  PRIMARY KEY (`id`),
  KEY `id_venta` (`id_venta`),
  KEY `id_producto` (`id_producto`)
) ENGINE=InnoDB AUTO_INCREMENT=388 DEFAULT CHARSET=utf8mb4 COLLATE=utf8mb4_0900_ai_ci;

--
-- Volcado de datos para la tabla `detalle_venta`
--

INSERT INTO `detalle_venta` (`id`, `id_venta`, `id_producto`, `precio_unitario`, `cantidad`, `descargado`) VALUES
(1, 7, 4, '40.00', 1, 0),
(2, 7, 3, '72.00', 1, 0),
(3, 8, 2, '243.00', 1, 0),
(4, 8, 3, '72.00', 1, 0),
(5, 8, 1, '135.00', 1, 0),
(6, 9, 2, '243.00', 1, 0),
(7, 9, 3, '72.00', 1, 0),
(8, 9, 1, '135.00', 1, 0),
(9, 9, 4, '40.00', 1, 0),
(10, 10, 2, '243.00', 1, 0),
(11, 10, 3, '72.00', 1, 0),
(12, 10, 1, '135.00', 1, 0),
(13, 10, 4, '40.00', 1, 0),
(14, 11, 2, '243.00', 1, 0),
(15, 11, 3, '72.00', 1, 0),
(16, 11, 1, '135.00', 1, 0),
(17, 11, 4, '40.00', 1, 0),
(18, 12, 2, '243.00', 1, 0),
(19, 12, 3, '72.00', 1, 0),
(20, 12, 1, '135.00', 1, 0),
(21, 12, 4, '40.00', 1, 0),
(22, 13, 2, '243.00', 1, 0),
(23, 13, 3, '72.00', 1, 0),
(24, 13, 1, '135.00', 1, 0),
(25, 13, 4, '40.00', 1, 0),
(26, 14, 2, '243.00', 1, 0),
(27, 14, 3, '72.00', 1, 0),
(28, 14, 1, '135.00', 1, 0),
(29, 14, 4, '40.00', 1, 0),
(30, 15, 2, '243.00', 1, 0),
(31, 15, 3, '72.00', 1, 0),
(32, 15, 1, '135.00', 1, 0),
(33, 15, 4, '40.00', 1, 0),
(34, 16, 2, '243.00', 1, 0),
(35, 16, 3, '72.00', 1, 0),
(36, 16, 1, '135.00', 1, 0),
(37, 16, 4, '40.00', 1, 0),
(38, 17, 2, '243.00', 1, 0),
(39, 17, 3, '72.00', 1, 0),
(40, 17, 1, '135.00', 1, 0),
(41, 17, 4, '40.00', 1, 0),
(42, 18, 2, '243.00', 1, 0),
(43, 18, 3, '72.00', 1, 0),
(44, 18, 1, '135.00', 1, 0),
(45, 18, 4, '40.00', 1, 0),
(46, 19, 2, '243.00', 1, 0),
(47, 19, 3, '72.00', 1, 0),
(48, 19, 1, '135.00', 1, 0),
(49, 19, 4, '40.00', 1, 0),
(50, 20, 2, '243.00', 1, 0),
(51, 20, 3, '72.00', 1, 0),
(52, 20, 1, '135.00', 1, 0),
(53, 20, 4, '40.00', 1, 0),
(54, 21, 2, '243.00', 1, 0),
(55, 21, 3, '72.00', 1, 0),
(56, 21, 1, '135.00', 1, 0),
(57, 21, 4, '40.00', 1, 0),
(58, 22, 2, '243.00', 1, 0),
(59, 22, 3, '72.00', 1, 0),
(60, 22, 1, '135.00', 1, 0),
(61, 22, 4, '40.00', 1, 0),
(62, 23, 2, '243.00', 1, 0),
(63, 23, 3, '72.00', 1, 0),
(64, 23, 1, '135.00', 1, 0),
(65, 23, 4, '40.00', 1, 0),
(66, 24, 2, '243.00', 1, 0),
(67, 24, 3, '72.00', 1, 0),
(68, 24, 1, '135.00', 1, 0),
(69, 25, 5, '200.00', 1, 0),
(70, 26, 5, '200.00', 1, 0),
(71, 26, 2, '243.00', 1, 0),
(72, 27, 5, '200.00', 1, 0),
(73, 28, 5, '200.00', 1, 0),
(74, 29, 5, '200.00', 1, 0),
(75, 30, 5, '200.00', 1, 0),
(76, 31, 5, '200.00', 1, 0),
(77, 32, 5, '200.00', 1, 0),
(78, 33, 5, '200.00', 1, 0),
(79, 34, 5, '200.00', 1, 0),
(80, 35, 5, '200.00', 1, 0),
(81, 36, 5, '200.00', 1, 0),
(82, 36, 3, '72.00', 1, 0),
(83, 37, 5, '200.00', 1, 0),
(84, 37, 3, '72.00', 1, 0),
(85, 37, 4, '40.00', 1, 0),
(86, 38, 5, '200.00', 1, 0),
(87, 38, 3, '72.00', 1, 0),
(88, 38, 4, '40.00', 1, 0),
(89, 38, 2, '243.00', 1, 0),
(90, 39, 5, '200.00', 1, 0),
(91, 39, 3, '72.00', 1, 0),
(92, 39, 4, '40.00', 1, 0),
(93, 39, 2, '243.00', 1, 0),
(94, 40, 5, '200.00', 1, 0),
(95, 40, 3, '72.00', 1, 0),
(96, 40, 4, '40.00', 1, 0),
(97, 40, 2, '243.00', 1, 0),
(98, 41, 5, '200.00', 1, 0),
(99, 41, 3, '72.00', 1, 0),
(100, 41, 4, '40.00', 1, 0),
(101, 41, 2, '243.00', 1, 0),
(102, 42, 5, '200.00', 1, 0),
(103, 42, 3, '72.00', 1, 0),
(104, 42, 4, '40.00', 1, 0),
(105, 42, 2, '243.00', 1, 0),
(106, 43, 5, '200.00', 1, 0),
(107, 43, 3, '72.00', 1, 0),
(108, 43, 4, '40.00', 1, 0),
(109, 43, 2, '243.00', 1, 0),
(110, 44, 5, '200.00', 1, 0),
(111, 44, 3, '72.00', 1, 0),
(112, 44, 4, '40.00', 1, 0),
(113, 44, 2, '243.00', 1, 0),
(114, 45, 1, '135.00', 1, 0),
(115, 46, 1, '135.00', 1, 0),
(116, 46, 4, '40.00', 1, 0),
(117, 47, 1, '135.00', 1, 0),
(118, 47, 4, '40.00', 1, 0),
(119, 48, 1, '135.00', 1, 0),
(120, 48, 4, '40.00', 1, 0),
(121, 48, 5, '200.00', 1, 0),
(122, 49, 1, '135.00', 1, 0),
(123, 49, 4, '40.00', 1, 0),
(124, 49, 5, '200.00', 1, 0),
(125, 49, 2, '243.00', 1, 0),
(126, 50, 4, '40.00', 1, 0),
(127, 50, 2, '243.00', 1, 0),
(128, 51, 4, '40.00', 1, 0),
(129, 51, 2, '243.00', 1, 0),
(130, 52, 4, '40.00', 1, 0),
(131, 52, 2, '243.00', 1, 0),
(132, 52, 3, '72.00', 1, 0),
(133, 53, 4, '40.00', 1, 0),
(134, 53, 2, '243.00', 1, 0),
(135, 53, 3, '72.00', 1, 0),
(136, 54, 4, '40.00', 1, 0),
(137, 54, 2, '243.00', 1, 0),
(138, 54, 3, '72.00', 1, 0),
(139, 55, 4, '40.00', 1, 0),
(140, 55, 1, '135.00', 1, 0),
(141, 55, 3, '72.00', 1, 0),
(142, 56, 4, '40.00', 1, 0),
(143, 56, 1, '135.00', 1, 0),
(144, 56, 3, '72.00', 1, 0),
(145, 57, 4, '40.00', 1, 0),
(146, 57, 1, '135.00', 1, 0),
(147, 57, 3, '72.00', 1, 0),
(148, 58, 4, '40.00', 1, 0),
(149, 58, 1, '135.00', 1, 0),
(150, 58, 3, '72.00', 1, 0),
(151, 59, 3, '72.00', 1, 0),
(152, 60, 4, '40.00', 1, 0),
(153, 61, 4, '40.00', 1, 0),
(154, 61, 3, '72.00', 1, 0),
(155, 61, 1, '135.00', 1, 0),
(156, 61, 5, '200.00', 1, 0),
(157, 62, 3, '72.00', 1, 0),
(158, 63, 3, '72.00', 1, 0),
(159, 63, 4, '40.00', 1, 0),
(160, 64, 3, '72.00', 1, 0),
(161, 64, 4, '40.00', 1, 0),
(162, 65, 3, '72.00', 1, 0),
(163, 65, 4, '40.00', 1, 0),
(164, 66, 3, '72.00', 1, 0),
(165, 66, 4, '40.00', 1, 0),
(166, 67, 3, '72.00', 1, 0),
(167, 67, 4, '40.00', 1, 0),
(168, 68, 3, '72.00', 1, 0),
(169, 68, 4, '40.00', 1, 0),
(170, 69, 3, '72.00', 1, 0),
(171, 69, 4, '40.00', 1, 0),
(172, 70, 3, '72.00', 1, 0),
(173, 70, 4, '40.00', 1, 0),
(174, 71, 3, '72.00', 1, 0),
(175, 71, 4, '40.00', 1, 0),
(176, 72, 3, '72.00', 1, 0),
(177, 72, 4, '40.00', 1, 0),
(178, 73, 3, '72.00', 1, 0),
(179, 73, 4, '40.00', 1, 0),
(180, 74, 3, '72.00', 1, 0),
(181, 74, 4, '40.00', 1, 0),
(182, 75, 3, '72.00', 1, 0),
(183, 75, 4, '40.00', 1, 0),
(184, 76, 3, '72.00', 1, 0),
(185, 76, 4, '40.00', 1, 0),
(186, 77, 3, '72.00', 1, 0),
(187, 77, 4, '40.00', 1, 0),
(188, 78, 3, '72.00', 1, 0),
(189, 78, 4, '40.00', 1, 0),
(190, 79, 3, '72.00', 1, 0),
(191, 79, 4, '40.00', 1, 0),
(192, 80, 3, '72.00', 1, 0),
(193, 80, 4, '40.00', 1, 0),
(194, 81, 3, '72.00', 1, 0),
(195, 81, 4, '40.00', 1, 0),
(196, 82, 3, '72.00', 1, 0),
(197, 82, 4, '40.00', 1, 0),
(198, 83, 5, '200.00', 1, 0),
(199, 84, 5, '200.00', 1, 0),
(200, 85, 5, '200.00', 1, 0),
(201, 86, 5, '200.00', 1, 0),
(202, 87, 5, '200.00', 1, 0),
(203, 88, 5, '200.00', 1, 0),
(204, 89, 5, '200.00', 1, 0),
(205, 90, 5, '200.00', 1, 0),
(206, 91, 5, '200.00', 1, 0),
(207, 92, 5, '200.00', 1, 0),
(208, 93, 5, '200.00', 1, 0),
(209, 96, 2, '243.00', 1, 0),
(210, 97, 2, '243.00', 1, 0),
(211, 98, 2, '243.00', 1, 0),
(212, 99, 2, '243.00', 1, 0),
(213, 100, 2, '243.00', 1, 0),
(214, 101, 2, '243.00', 1, 0),
(215, 102, 2, '243.00', 1, 0),
(216, 103, 2, '243.00', 1, 0),
(217, 104, 2, '243.00', 1, 0),
(218, 104, 3, '72.00', 1, 0),
(219, 105, 2, '243.00', 1, 0),
(220, 105, 3, '72.00', 1, 0),
(221, 106, 2, '243.00', 1, 0),
(222, 106, 3, '72.00', 1, 0),
(223, 106, 4, '40.00', 1, 0),
(224, 107, 2, '243.00', 1, 0),
(225, 107, 3, '72.00', 1, 0),
(226, 107, 4, '40.00', 1, 0),
(227, 108, 2, '243.00', 1, 0),
(228, 108, 3, '72.00', 1, 0),
(229, 108, 4, '40.00', 1, 0),
(230, 109, 2, '243.00', 1, 0),
(231, 109, 3, '72.00', 1, 0),
(232, 109, 4, '40.00', 1, 0),
(233, 110, 2, '243.00', 1, 0),
(234, 110, 3, '72.00', 1, 0),
(235, 110, 4, '40.00', 1, 0),
(236, 110, 1, '135.00', 1, 0),
(237, 111, 2, '243.00', 1, 0),
(238, 111, 3, '72.00', 1, 0),
(239, 111, 1, '135.00', 1, 0),
(240, 112, 2, '243.00', 1, 0),
(241, 112, 3, '72.00', 1, 0),
(242, 112, 4, '40.00', 1, 0),
(243, 113, 2, '243.00', 1, 0),
(244, 113, 3, '72.00', 1, 0),
(245, 114, 2, '243.00', 1, 0),
(246, 114, 3, '72.00', 1, 0),
(247, 115, 2, '243.00', 1, 0),
(248, 115, 3, '72.00', 1, 0),
(249, 116, 2, '243.00', 1, 0),
(250, 116, 3, '72.00', 1, 0),
(251, 117, 2, '243.00', 1, 0),
(252, 117, 3, '72.00', 1, 0),
(253, 117, 4, '40.00', 1, 0),
(254, 118, 2, '243.00', 1, 0),
(255, 118, 3, '72.00', 1, 0),
(256, 118, 4, '40.00', 1, 0),
(257, 119, 2, '243.00', 1, 0),
(258, 119, 3, '72.00', 1, 0),
(259, 119, 4, '40.00', 1, 0),
(260, 120, 2, '243.00', 1, 0),
(261, 120, 3, '72.00', 1, 0),
(262, 120, 4, '40.00', 1, 0),
(263, 121, 2, '243.00', 1, 0),
(264, 121, 3, '72.00', 1, 0),
(265, 121, 4, '40.00', 1, 0),
(266, 122, 2, '243.00', 1, 0),
(267, 122, 3, '72.00', 1, 0),
(268, 122, 4, '40.00', 1, 0),
(269, 123, 2, '243.00', 1, 0),
(270, 123, 3, '72.00', 1, 0),
(271, 123, 4, '40.00', 1, 0),
(272, 124, 4, '40.00', 1, 0),
(273, 125, 4, '40.00', 1, 0),
(274, 126, 4, '40.00', 1, 0),
(275, 127, 5, '200.00', 1, 0),
(276, 128, 5, '200.00', 1, 0),
(277, 128, 4, '40.00', 1, 0),
(278, 129, 5, '200.00', 1, 0),
(279, 129, 4, '40.00', 1, 0),
(280, 129, 2, '243.00', 1, 0),
(281, 130, 5, '200.00', 1, 0),
(282, 130, 4, '40.00', 1, 0),
(283, 130, 2, '243.00', 1, 0),
(284, 130, 3, '72.00', 1, 0),
(285, 131, 5, '200.00', 1, 0),
(286, 131, 4, '40.00', 1, 0),
(287, 131, 3, '72.00', 1, 0),
(288, 132, 4, '40.00', 1, 0),
(289, 132, 3, '72.00', 1, 0),
(290, 133, 4, '40.00', 1, 0),
(291, 134, 3, '72.00', 1, 0),
(292, 135, 3, '72.00', 1, 0),
(293, 136, 4, '40.00', 1, 0),
(294, 137, 4, '40.00', 1, 0),
(295, 138, 5, '200.00', 1, 0),
(296, 139, 5, '200.00', 1, 0),
(297, 139, 4, '40.00', 1, 0),
(298, 140, 5, '200.00', 1, 0),
(299, 140, 4, '40.00', 1, 0),
(300, 141, 2, '243.00', 1, 0),
(301, 141, 3, '72.00', 1, 0),
(302, 141, 1, '135.00', 1, 0),
(303, 142, 2, '243.00', 1, 0),
(304, 142, 3, '72.00', 1, 0),
(305, 142, 1, '135.00', 1, 0),
(306, 142, 5, '200.00', 1, 0),
(307, 143, 5, '200.00', 1, 0),
(308, 144, 5, '200.00', 1, 0),
(309, 144, 4, '40.00', 1, 0),
(310, 145, 5, '200.00', 1, 0),
(311, 145, 4, '40.00', 1, 0),
(312, 145, 2, '243.00', 1, 0),
(313, 146, 4, '40.00', 1, 0),
(314, 147, 4, '40.00', 1, 0),
(315, 147, 1, '135.00', 1, 0),
(316, 148, 4, '40.00', 1, 0),
(317, 148, 1, '135.00', 1, 0),
(318, 148, 3, '72.00', 1, 0),
(319, 149, 4, '40.00', 1, 0),
(320, 149, 1, '135.00', 1, 0),
(321, 149, 3, '72.00', 1, 0),
(322, 149, 2, '243.00', 1, 0),
(323, 150, 4, '40.00', 1, 0),
(324, 150, 1, '135.00', 1, 0),
(325, 150, 3, '72.00', 1, 0),
(326, 150, 2, '243.00', 1, 0),
(327, 150, 5, '200.00', 1, 0),
(328, 151, 1, '135.00', 1, 0),
(329, 152, 1, '135.00', 1, 0),
(330, 152, 3, '72.00', 1, 0),
(331, 153, 1, '135.00', 1, 0),
(332, 153, 3, '72.00', 1, 0),
(333, 153, 4, '40.00', 1, 0),
(334, 154, 1, '135.00', 1, 0),
(335, 154, 3, '72.00', 1, 0),
(336, 154, 4, '40.00', 1, 0),
(337, 154, 2, '243.00', 1, 0),
(338, 155, 1, '135.00', 1, 0),
(339, 155, 3, '72.00', 1, 0),
(340, 155, 4, '40.00', 1, 0),
(341, 155, 2, '243.00', 1, 0),
(342, 155, 5, '200.00', 1, 0),
(343, 156, 5, '200.00', 1, 0),
(344, 157, 5, '200.00', 1, 0),
(345, 157, 4, '40.00', 1, 0),
(346, 158, 5, '200.00', 1, 0),
(347, 158, 4, '40.00', 1, 0),
(348, 158, 3, '72.00', 1, 0),
(349, 159, 5, '200.00', 1, 0),
(350, 159, 4, '40.00', 1, 0),
(351, 159, 3, '72.00', 1, 0),
(352, 159, 1, '135.00', 1, 0),
(353, 160, 1, '135.00', 1, 0),
(354, 161, 1, '135.00', 1, 0),
(355, 161, 2, '243.00', 1, 0),
(356, 162, 1, '135.00', 1, 0),
(357, 162, 2, '243.00', 1, 0),
(358, 162, 3, '72.00', 1, 0),
(359, 163, 4, '40.00', 1, 0),
(360, 163, 3, '72.00', 1, 0),
(361, 164, 4, '40.00', 1, 0),
(362, 164, 3, '72.00', 1, 0),
(363, 165, 4, '40.00', 1, 0),
(364, 165, 3, '72.00', 1, 0),
(365, 165, 2, '243.00', 1, 0),
(366, 165, 7, '75.00', 1, 0),
(367, 165, 9, '88.00', 1, 0),
(368, 165, 8, '42.00', 1, 0),
(369, 166, 4, '40.00', 1, 0),
(370, 166, 3, '72.00', 1, 0),
(371, 166, 2, '243.00', 1, 0),
(372, 166, 7, '75.00', 1, 0),
(373, 166, 9, '88.00', 1, 0),
(374, 166, 8, '42.00', 1, 0),
(375, 166, 11, '50.00', 1, 0),
(376, 166, 14, '42.00', 1, 0),
(377, 167, 3, '72.00', 1, 0),
(378, 167, 2, '243.00', 1, 0),
(379, 167, 7, '75.00', 1, 0),
(380, 167, 9, '88.00', 1, 0),
(381, 167, 8, '42.00', 1, 0),
(382, 167, 11, '50.00', 1, 0),
(383, 167, 14, '42.00', 1, 0),
(384, 168, 8, '42.00', 1, 0),
(385, 169, 3, '72.00', 1, 0),
(386, 169, 7, '75.00', 1, 0),
(387, 169, 10, '90.00', 1, 0);

-- --------------------------------------------------------

--
-- Estructura de tabla para la tabla `pagos`
--

DROP TABLE IF EXISTS `pagos`;
CREATE TABLE IF NOT EXISTS `pagos` (
  `id` int NOT NULL AUTO_INCREMENT,
  `id_venta` int NOT NULL,
  `referencia` int NOT NULL,
  `metodo_pago` varchar(20) CHARACTER SET utf8mb4 COLLATE utf8mb4_0900_ai_ci NOT NULL,
  PRIMARY KEY (`id`)
) ENGINE=InnoDB AUTO_INCREMENT=45 DEFAULT CHARSET=utf8mb4 COLLATE=utf8mb4_0900_ai_ci;

--
-- Volcado de datos para la tabla `pagos`
--

INSERT INTO `pagos` (`id`, `id_venta`, `referencia`, `metodo_pago`) VALUES
(1, 0, 2147483647, 'Binance'),
(2, 0, 2147483647, 'Binance'),
(3, 113, 2147483647, 'Reserve'),
(4, 114, 1234567853, 'Zinli'),
(5, 116, 1234, 'Pago movil'),
(6, 117, 1234, 'Pago movil'),
(7, 118, 1234, 'Pago movil'),
(8, 119, 1235, 'Pago movil'),
(9, 120, 1256, 'Pago movil'),
(10, 130, 7894, 'Pago movil'),
(11, 130, 7894, 'Pago movil'),
(12, 132, 123, 'Pago movil'),
(13, 132, 123, 'Pago movil'),
(14, 133, 4567, 'Pago movil'),
(15, 135, 4588, 'Pago movil'),
(16, 137, 1239, 'Pago movil'),
(17, 141, 7894, 'Pago movil'),
(18, 141, 7894, 'Pago movil'),
(19, 142, 1423, 'Pago movil'),
(20, 144, 7777, 'Pago movil'),
(21, 146, 2222, 'Pago movil'),
(22, 147, 1111, 'Pago movil'),
(23, 148, 3333, 'Pago movil'),
(24, 149, 8888, 'Pago movil'),
(25, 150, 2147483647, 'Reserve'),
(26, 151, 2147483647, 'Binance'),
(27, 152, 2147483647, 'Zinli'),
(28, 153, 2147483647, 'Binance'),
(29, 154, 2147483647, 'Reserve'),
(30, 155, 1234, 'Pago movil'),
(31, 156, 1234, 'Pago movil'),
(32, 157, 9999, 'Pago movil'),
(33, 158, 2147483647, 'Zinli'),
(34, 159, 2147483647, 'Binance'),
(35, 160, 7474, 'Pago movil'),
(36, 161, 555558888, 'Binance'),
(37, 162, 44478963, 'Reserve'),
(38, 163, 5586324, 'Binance'),
(39, 164, 4864215, 'Reserve'),
(40, 165, 56468316, 'Reserve'),
(41, 166, 65414812, 'Zinli'),
(42, 167, 4789, 'Pago movil'),
(43, 168, 4002, 'Pago movil'),
(44, 169, 868451346, 'Reserve');

-- --------------------------------------------------------

--
-- Estructura de tabla para la tabla `productos`
--

DROP TABLE IF EXISTS `productos`;
CREATE TABLE IF NOT EXISTS `productos` (
  `id` int NOT NULL AUTO_INCREMENT,
  `nombre` varchar(45) NOT NULL,
  `tipo` varchar(50) DEFAULT NULL,
  `precio` float NOT NULL,
  `imagen` varchar(255) NOT NULL,
  PRIMARY KEY (`id`)
) ENGINE=InnoDB AUTO_INCREMENT=16 DEFAULT CHARSET=utf8mb4 COLLATE=utf8mb4_0900_ai_ci;

--
-- Volcado de datos para la tabla `productos`
--

INSERT INTO `productos` (`id`, `nombre`, `tipo`, `precio`, `imagen`) VALUES
(1, 'Pala Siux', 'pala', 135, '\\img\\pala1.png'),
(2, 'Pala Bullpadel', 'pala', 243, '\\img\\pala2.png'),
(3, 'Pala Adidas', 'pala', 72, '\\img\\pala3.png'),
(4, 'Pala NOX', 'pala', 40, '\\img\\pala4.png'),
(5, 'Pala Head', 'pala', 200, '\\img\\pala5.png'),
(6, 'Zapatos Bullpadel', 'zapato', 58, '\\img\\zapatos1.png'),
(7, 'Zapatos Babolat', 'zapato', 75, '\\img\\zapatos2.png'),
(8, 'Zapatos ASICS', 'zapato', 42, '\\img\\zapatos3.png'),
(9, 'Zapatos Head', 'zapato', 88, '\\img\\zapatos4.png'),
(10, 'Zapatos Joma', 'zapato', 90, '\\img\\zapatos5.png'),
(11, 'Paletero Dunlor', 'paletero', 50, '\\img\\paletero1.png'),
(12, 'Paletero Wilson', 'paletero', 85, '\\img\\paletero2.png'),
(13, 'Paletero Oxdog', 'paletero', 40, '\\img\\paletero3.png'),
(14, 'Paletero Oxdog', 'paletero', 42, '\\img\\paletero4.png'),
(15, 'Paletero Head', 'paletero', 55, '\\img\\paletero5.png');

-- --------------------------------------------------------

--
-- Estructura de tabla para la tabla `ventas`
--

DROP TABLE IF EXISTS `ventas`;
CREATE TABLE IF NOT EXISTS `ventas` (
  `id` int NOT NULL AUTO_INCREMENT,
  `clave_transaccion` varchar(250) NOT NULL,
  `zinli_datos` varchar(20) NOT NULL,
  `fecha` datetime NOT NULL,
  `correo` varchar(45) NOT NULL,
  `total` decimal(60,2) NOT NULL,
  `status` varchar(100) NOT NULL,
  PRIMARY KEY (`id`)
) ENGINE=InnoDB AUTO_INCREMENT=170 DEFAULT CHARSET=utf8mb4 COLLATE=utf8mb4_0900_ai_ci;

--
-- Volcado de datos para la tabla `ventas`
--

INSERT INTO `ventas` (`id`, `clave_transaccion`, `zinli_datos`, `fecha`, `correo`, `total`, `status`) VALUES
(1, '12345678910', '0', '2023-12-13 22:25:52', 'gaag.m23@gmail.com', '200.00', 'pendiente'),
(2, '12345678910', '0', '2023-12-13 22:25:52', 'gaag.m23@gmail.com', '200.00', 'pendiente'),
(3, '1mft4d4up16tt9uaaqlpi7odfp', '0', '2023-12-12 22:37:30', 'gaag.m23@gmail.com', '175.00', 'pendiente'),
(4, '1mft4d4up16tt9uaaqlpi7odfp', '0', '2023-12-12 22:41:12', 'josedelpino@gmail.com', '112.00', 'pendiente'),
(5, '1mft4d4up16tt9uaaqlpi7odfp', '0', '2023-12-13 08:39:18', 'jesuscasanova@gmail.com', '112.00', 'pendiente'),
(6, '1mft4d4up16tt9uaaqlpi7odfp', '0', '2023-12-13 09:55:05', 'yormanvidopio@hotmail.com', '112.00', 'pendiente'),
(7, '1mft4d4up16tt9uaaqlpi7odfp', '0', '2023-12-13 09:57:10', 'yormanvidopio@hotmail.com', '112.00', 'pendiente'),
(8, '1mft4d4up16tt9uaaqlpi7odfp', '0', '2023-12-13 10:16:40', 'targaryen@hotmal.com', '450.00', 'pendiente'),
(9, '1mft4d4up16tt9uaaqlpi7odfp', '0', '2023-12-13 10:19:07', 'targaryen@hotmal.com', '490.00', 'pendiente'),
(10, '1mft4d4up16tt9uaaqlpi7odfp', '0', '2023-12-13 10:21:12', 'targaryen@hotmal.com', '490.00', 'pendiente'),
(11, '1mft4d4up16tt9uaaqlpi7odfp', '0', '2023-12-13 10:24:14', 'targaryen@hotmal.com', '490.00', 'pendiente'),
(12, '1mft4d4up16tt9uaaqlpi7odfp', '0', '2023-12-13 10:24:47', 'targaryen@hotmal.com', '490.00', 'pendiente'),
(13, '1mft4d4up16tt9uaaqlpi7odfp', '0', '2023-12-13 10:25:31', 'targaryen@hotmal.com', '490.00', 'pendiente'),
(14, '1mft4d4up16tt9uaaqlpi7odfp', '0', '2023-12-13 10:26:05', 'targaryen@hotmal.com', '490.00', 'pendiente'),
(15, '1mft4d4up16tt9uaaqlpi7odfp', '0', '2023-12-13 10:26:33', 'targaryen@hotmal.com', '490.00', 'pendiente'),
(16, '1mft4d4up16tt9uaaqlpi7odfp', '0', '2023-12-13 10:26:50', 'targaryen@hotmal.com', '490.00', 'pendiente'),
(17, '1mft4d4up16tt9uaaqlpi7odfp', '0', '2023-12-13 10:27:03', 'targaryen@hotmal.com', '490.00', 'pendiente'),
(18, '1mft4d4up16tt9uaaqlpi7odfp', '0', '2023-12-13 10:28:41', 'targaryen@hotmal.com', '490.00', 'pendiente'),
(19, '1mft4d4up16tt9uaaqlpi7odfp', '0', '2023-12-13 10:43:14', 'targaryen@hotmal.com', '490.00', 'pendiente'),
(20, '1mft4d4up16tt9uaaqlpi7odfp', '0', '2023-12-13 10:44:31', 'targaryen@hotmal.com', '490.00', 'pendiente'),
(21, '1mft4d4up16tt9uaaqlpi7odfp', '0', '2023-12-13 11:35:25', 'targaryen@hotmal.com', '490.00', 'pendiente'),
(22, '1mft4d4up16tt9uaaqlpi7odfp', '0', '2023-12-13 11:41:39', 'targaryen@hotmal.com', '490.00', 'pendiente'),
(23, '1mft4d4up16tt9uaaqlpi7odfp', '0', '2023-12-13 12:39:14', 'targaryen@hotmal.com', '490.00', 'pendiente'),
(24, '1mft4d4up16tt9uaaqlpi7odfp', '0', '2023-12-13 13:28:50', 'josedelpino@gmail.com', '450.00', 'pendiente'),
(25, 'latdjub647o39b1g7mcp5gshh3', '0', '2023-12-13 14:56:15', 'targaryen@hotmal.com', '200.00', 'pendiente'),
(26, 'latdjub647o39b1g7mcp5gshh3', '0', '2023-12-13 15:39:01', 'jonsnow@hotmail.com', '443.00', 'pendiente'),
(27, 'latdjub647o39b1g7mcp5gshh3', '0', '2023-12-13 15:43:37', 'jonsnow@hotmail.com', '200.00', 'pendiente'),
(28, 'latdjub647o39b1g7mcp5gshh3', '0', '2023-12-13 15:43:59', 'jonsnow@hotmail.com', '200.00', 'pendiente'),
(29, 'latdjub647o39b1g7mcp5gshh3', '0', '2023-12-13 15:44:11', 'jonsnow@hotmail.com', '200.00', 'pendiente'),
(30, 'latdjub647o39b1g7mcp5gshh3', '0', '2023-12-13 15:44:20', 'jonsnow@hotmail.com', '200.00', 'pendiente'),
(31, 'latdjub647o39b1g7mcp5gshh3', '0', '2023-12-13 15:44:37', 'jonsnow@hotmail.com', '200.00', 'pendiente'),
(32, 'latdjub647o39b1g7mcp5gshh3', '0', '2023-12-13 15:46:08', 'jonsnow@hotmail.com', '200.00', 'pendiente'),
(33, 'latdjub647o39b1g7mcp5gshh3', '0', '2023-12-13 15:46:42', 'jonsnow@hotmail.com', '200.00', 'pendiente'),
(34, 'latdjub647o39b1g7mcp5gshh3', '0', '2023-12-13 15:47:27', 'jonsnow@hotmail.com', '200.00', 'pendiente'),
(35, 'latdjub647o39b1g7mcp5gshh3', '0', '2023-12-13 15:47:52', 'jonsnow@hotmail.com', '200.00', 'pendiente'),
(36, 'latdjub647o39b1g7mcp5gshh3', '0', '2023-12-13 16:09:17', 'maracuya@yahoo.com', '272.00', 'pendiente'),
(37, 'latdjub647o39b1g7mcp5gshh3', '0', '2023-12-13 16:24:51', 'jesuscasanova@gmail.com', '312.00', 'pendiente'),
(38, 'latdjub647o39b1g7mcp5gshh3', '0', '2023-12-13 17:09:05', 'jonsnow@hotmail.com', '555.00', 'pendiente'),
(39, 'latdjub647o39b1g7mcp5gshh3', '0', '2023-12-13 17:12:07', 'jonsnow@hotmail.com', '555.00', 'pendiente'),
(40, 'latdjub647o39b1g7mcp5gshh3', '0', '2023-12-13 17:18:03', 'jesuscasanova@gmail.com', '555.00', 'pendiente'),
(41, 'latdjub647o39b1g7mcp5gshh3', '0', '2023-12-13 17:21:23', 'cavernicola@padel.com', '555.00', 'pendiente'),
(42, 'latdjub647o39b1g7mcp5gshh3', '0', '2023-12-13 17:22:44', 'cavernicola@padel.com', '555.00', 'pendiente'),
(43, 'latdjub647o39b1g7mcp5gshh3', '0', '2023-12-13 17:24:29', 'shinra@gmail.com', '555.00', 'pendiente'),
(44, 'latdjub647o39b1g7mcp5gshh3', '0', '2023-12-13 17:26:08', 'gaag.m23@gmail.com', '555.00', 'pendiente'),
(45, 'o4ffgb7kvrss3jmfljcc78dp54', '0', '2023-12-13 17:29:36', 'josedelpino@gmail.com', '135.00', 'pendiente'),
(46, 'o4ffgb7kvrss3jmfljcc78dp54', '0', '2023-12-13 17:35:30', 'josedelpino@gmail.com', '175.00', 'pendiente'),
(47, 'o4ffgb7kvrss3jmfljcc78dp54', '0', '2023-12-13 17:37:38', 'josedelpino@gmail.com', '175.00', 'pendiente'),
(48, 'o4ffgb7kvrss3jmfljcc78dp54', '0', '2023-12-13 17:43:41', 'jonsnow@hotmail.com', '375.00', 'pendiente'),
(49, 'o4ffgb7kvrss3jmfljcc78dp54', '0', '2023-12-13 17:47:59', 'holamundo@gmail.com', '618.00', 'pendiente'),
(50, 'o4ffgb7kvrss3jmfljcc78dp54', '0', '2023-12-13 17:59:29', 'sharingan@pf.com', '283.00', 'pendiente'),
(51, 'o4ffgb7kvrss3jmfljcc78dp54', '0', '2023-12-13 18:00:08', 'jonsnow@hotmail.com', '283.00', 'pendiente'),
(52, 'o4ffgb7kvrss3jmfljcc78dp54', '0', '2023-12-13 19:58:54', 'testgenail@hotmail.com', '355.00', 'pendiente'),
(53, 'o4ffgb7kvrss3jmfljcc78dp54', '0', '2023-12-13 19:59:53', 'testgenail@hotmail.com', '355.00', 'pendiente'),
(54, 'o4ffgb7kvrss3jmfljcc78dp54', '0', '2023-12-13 20:00:28', 'testgenail@hotmail.com', '355.00', 'pendiente'),
(55, 'o4ffgb7kvrss3jmfljcc78dp54', '0', '2023-12-13 20:55:29', 'gabrielaarias@gmail.com', '247.00', 'pendiente'),
(56, 'o4ffgb7kvrss3jmfljcc78dp54', '0', '2023-12-13 20:57:32', 'holamunddodo@ch.com', '247.00', 'pendiente'),
(57, 'o4ffgb7kvrss3jmfljcc78dp54', '0', '2023-12-13 20:58:08', 'holamunddodo@ch.com', '247.00', 'pendiente'),
(58, 'o4ffgb7kvrss3jmfljcc78dp54', '0', '2023-12-13 20:58:29', 'holamunddodo@ch.com', '247.00', 'pendiente'),
(59, 'goi9qamatdqihn4qs3mjpq6pbm', '0', '2023-12-13 21:02:26', 'hellouwolrd@padel.com', '72.00', 'pendiente'),
(60, 'tvpqbq15486irv83ji1fa7sfes', '0', '2023-12-13 22:34:56', 'chazam@gmail.com', '40.00', 'pendiente'),
(61, 'tvpqbq15486irv83ji1fa7sfes', '0', '2023-12-13 23:26:27', 'mateporhoy@gregory.com', '447.00', 'pendiente'),
(62, 'tvpqbq15486irv83ji1fa7sfes', '0', '2023-12-14 08:40:57', 'josedelpino@gmail.com', '72.00', 'pendiente'),
(63, 'tvpqbq15486irv83ji1fa7sfes', '0', '2023-12-14 08:56:24', 'jesuscasanova@gmail.com', '112.00', 'pendiente'),
(64, 'tvpqbq15486irv83ji1fa7sfes', '0', '2023-12-14 11:29:19', 'michaeljackson@hotmail.com', '112.00', 'pendiente'),
(65, 'tvpqbq15486irv83ji1fa7sfes', '0', '2023-12-14 11:45:54', 'michaeljackson@hotmail.com', '112.00', 'pendiente'),
(66, 'tvpqbq15486irv83ji1fa7sfes', '0', '2023-12-14 11:47:14', 'michaeljackson@hotmail.com', '112.00', 'pendiente'),
(67, 'tvpqbq15486irv83ji1fa7sfes', '0', '2023-12-14 11:47:57', 'michaeljackson@hotmail.com', '112.00', 'pendiente'),
(68, 'tvpqbq15486irv83ji1fa7sfes', '0', '2023-12-14 11:49:11', 'michaeljackson@hotmail.com', '112.00', 'pendiente'),
(69, 'tvpqbq15486irv83ji1fa7sfes', '0', '2023-12-14 11:49:54', 'michaeljackson@hotmail.com', '112.00', 'pendiente'),
(70, 'tvpqbq15486irv83ji1fa7sfes', '0', '2023-12-14 11:50:21', 'michaeljackson@hotmail.com', '112.00', 'pendiente'),
(71, 'tvpqbq15486irv83ji1fa7sfes', '0', '2023-12-14 11:51:28', 'michaeljackson@hotmail.com', '112.00', 'pendiente'),
(72, 'tvpqbq15486irv83ji1fa7sfes', '0', '2023-12-14 11:53:12', 'michaeljackson@hotmail.com', '112.00', 'pendiente'),
(73, 'tvpqbq15486irv83ji1fa7sfes', '0', '2023-12-14 11:53:46', 'michaeljackson@hotmail.com', '112.00', 'pendiente'),
(74, 'tvpqbq15486irv83ji1fa7sfes', '0', '2023-12-14 11:53:49', 'michaeljackson@hotmail.com', '112.00', 'pendiente'),
(75, 'tvpqbq15486irv83ji1fa7sfes', '0', '2023-12-14 11:55:22', 'michaeljackson@hotmail.com', '112.00', 'pendiente'),
(76, 'tvpqbq15486irv83ji1fa7sfes', '0', '2023-12-14 11:55:30', 'michaeljackson@hotmail.com', '112.00', 'pendiente'),
(77, 'tvpqbq15486irv83ji1fa7sfes', '0', '2023-12-14 11:55:40', 'michaeljackson@hotmail.com', '112.00', 'pendiente'),
(78, 'tvpqbq15486irv83ji1fa7sfes', '0', '2023-12-14 11:56:28', 'michaeljackson@hotmail.com', '112.00', 'pendiente'),
(79, 'tvpqbq15486irv83ji1fa7sfes', '0', '2023-12-14 11:56:46', 'michaeljackson@hotmail.com', '112.00', 'pendiente'),
(80, 'tvpqbq15486irv83ji1fa7sfes', '0', '2023-12-14 11:57:48', 'michaeljackson@hotmail.com', '112.00', 'pendiente'),
(81, 'tvpqbq15486irv83ji1fa7sfes', '0', '2023-12-14 11:58:12', 'michaeljackson@hotmail.com', '112.00', 'pendiente'),
(82, 'tvpqbq15486irv83ji1fa7sfes', '0', '2023-12-14 11:58:28', 'michaeljackson@hotmail.com', '112.00', 'pendiente'),
(83, 'tp30lej1olfme57oo14f8t772i', '0', '2023-12-14 11:59:55', 'cavernicola@padel.com', '200.00', 'pendiente'),
(84, 'tp30lej1olfme57oo14f8t772i', '0', '2023-12-14 12:00:27', 'cavernicola@padel.com', '200.00', 'pendiente'),
(85, 'ukbei5qua4rm673gdme4kjhm25', '0', '2023-12-14 12:02:57', 'targaryen@hotmal.com', '200.00', 'pendiente'),
(86, 'ukbei5qua4rm673gdme4kjhm25', '0', '2023-12-14 12:04:13', 'targaryen@hotmal.com', '200.00', 'pendiente'),
(87, 'ukbei5qua4rm673gdme4kjhm25', '0', '2023-12-14 12:04:54', 'targaryen@hotmal.com', '200.00', 'pendiente'),
(88, 'ukbei5qua4rm673gdme4kjhm25', '0', '2023-12-14 12:05:15', 'targaryen@hotmal.com', '200.00', 'pendiente'),
(89, 'ukbei5qua4rm673gdme4kjhm25', '0', '2023-12-14 12:05:34', 'targaryen@hotmal.com', '200.00', 'pendiente'),
(90, 'ukbei5qua4rm673gdme4kjhm25', '0', '2023-12-14 12:05:52', 'targaryen@hotmal.com', '200.00', 'pendiente'),
(91, 'ukbei5qua4rm673gdme4kjhm25', '0', '2023-12-14 12:07:44', 'targaryen@hotmal.com', '200.00', 'pendiente'),
(92, 'ukbei5qua4rm673gdme4kjhm25', '0', '2023-12-14 12:09:14', 'targaryen@hotmal.com', '200.00', 'pendiente'),
(93, 'ukbei5qua4rm673gdme4kjhm25', '0', '2023-12-14 12:09:20', 'targaryen@hotmal.com', '200.00', 'pendiente'),
(94, '23li0djitafe4mvbg9vp4okirn', '0', '2023-12-14 12:10:23', 'targaryen@hotmal.com', '0.00', 'pendiente'),
(95, '23li0djitafe4mvbg9vp4okirn', '0', '2023-12-14 12:11:02', 'targaryen@hotmal.com', '0.00', 'pendiente'),
(96, '23li0djitafe4mvbg9vp4okirn', '0', '2023-12-14 12:12:01', 'jonsnow@hotmail.com', '243.00', 'pendiente'),
(97, '23li0djitafe4mvbg9vp4okirn', '0', '2023-12-14 12:12:32', 'jonsnow@hotmail.com', '243.00', 'pendiente'),
(98, '23li0djitafe4mvbg9vp4okirn', '0', '2023-12-14 12:13:54', 'jonsnow@hotmail.com', '243.00', 'pendiente'),
(99, '23li0djitafe4mvbg9vp4okirn', '0', '2023-12-14 12:14:11', 'jonsnow@hotmail.com', '243.00', 'pendiente'),
(100, '23li0djitafe4mvbg9vp4okirn', '0', '2023-12-14 12:15:06', 'jonsnow@hotmail.com', '243.00', 'pendiente'),
(101, '23li0djitafe4mvbg9vp4okirn', '0', '2023-12-14 12:17:37', 'jonsnow@hotmail.com', '243.00', 'pendiente'),
(102, '23li0djitafe4mvbg9vp4okirn', '0', '2023-12-14 12:22:13', 'jonsnow@hotmail.com', '243.00', 'pendiente'),
(103, '23li0djitafe4mvbg9vp4okirn', '0', '2023-12-14 12:22:36', 'jonsnow@hotmail.com', '243.00', 'pendiente'),
(104, '23li0djitafe4mvbg9vp4okirn', '0', '2023-12-14 14:54:31', 'asfijsflkjsd@test.com', '315.00', 'pendiente'),
(105, '23li0djitafe4mvbg9vp4okirn', '0', '2023-12-14 14:59:24', 'holamunddodo@ch.com', '315.00', 'pendiente'),
(106, '23li0djitafe4mvbg9vp4okirn', '0', '2023-12-14 15:00:17', 'alejandor@gmail.com', '355.00', 'pendiente'),
(107, '23li0djitafe4mvbg9vp4okirn', '0', '2023-12-14 15:01:45', 'alejandor@gmail.com', '355.00', 'pendiente'),
(108, '23li0djitafe4mvbg9vp4okirn', '0', '2023-12-14 15:07:03', 'alejandor@gmail.com', '355.00', 'pendiente'),
(109, '23li0djitafe4mvbg9vp4okirn', '0', '2023-12-14 15:09:27', 'alejandor@gmail.com', '355.00', 'pendiente'),
(110, '23li0djitafe4mvbg9vp4okirn', '0', '2023-12-14 15:42:05', 'gregory@gmail.com', '490.00', 'pendiente'),
(111, '23li0djitafe4mvbg9vp4okirn', '0', '2023-12-14 15:53:30', 'gregory@gmail.com', '450.00', 'pendiente'),
(112, '23li0djitafe4mvbg9vp4okirn', '0', '2023-12-14 15:54:24', 'josedelpino@gmail.com', '355.00', 'pendiente'),
(113, '23li0djitafe4mvbg9vp4okirn', '0', '2023-12-14 16:00:16', 'hellouwolrd@padel.com', '315.00', 'pendiente'),
(114, '23li0djitafe4mvbg9vp4okirn', '0', '2023-12-14 16:02:37', 'hellouwolrd@padel.com', '315.00', 'pendiente'),
(115, '23li0djitafe4mvbg9vp4okirn', '0', '2023-12-14 16:04:43', 'hgjggjgjgj@gmaid.com', '315.00', 'pendiente'),
(116, '23li0djitafe4mvbg9vp4okirn', '0', '2023-12-14 16:25:34', 'hgjggjgjgj@gmaid.com', '315.00', 'pendiente'),
(117, '23li0djitafe4mvbg9vp4okirn', '0', '2023-12-14 16:26:10', 'josedelpino@gmail.com', '355.00', 'pendiente'),
(118, '23li0djitafe4mvbg9vp4okirn', '0', '2023-12-14 16:26:23', 'josedelpino@gmail.com', '355.00', 'pendiente'),
(119, '23li0djitafe4mvbg9vp4okirn', '0', '2023-12-14 16:27:00', 'josedelpino@gmail.com', '355.00', 'pendiente'),
(120, '23li0djitafe4mvbg9vp4okirn', '0', '2023-12-14 16:28:00', 'josedelpino@gmail.com', '355.00', 'pendiente'),
(121, '23li0djitafe4mvbg9vp4okirn', '0', '2023-12-14 16:28:47', 'targaryen@hotmal.com', '355.00', 'pendiente'),
(122, '23li0djitafe4mvbg9vp4okirn', '0', '2023-12-14 16:29:36', 'targaryen@hotmal.com', '355.00', 'pendiente'),
(123, '23li0djitafe4mvbg9vp4okirn', '0', '2023-12-14 17:02:31', 'targaryen@hotmal.com', '355.00', 'pendiente'),
(124, 'amhnt6i5vl6kat1h85pipisht5', '0', '2023-12-14 17:04:51', 'finalfinal@gmail.com', '40.00', 'pendiente'),
(125, 'amhnt6i5vl6kat1h85pipisht5', '0', '2023-12-14 17:05:30', 'finalfinal@gmail.com', '40.00', 'pendiente'),
(126, 'amhnt6i5vl6kat1h85pipisht5', '0', '2023-12-14 17:05:48', 'finalfinal@gmail.com', '40.00', 'pendiente'),
(127, 'jh27a48hbvutmrr0p56tf4em0t', '0', '2023-12-14 17:11:19', 'holaaaaas@gmail.com', '200.00', 'pendiente'),
(128, 'jh27a48hbvutmrr0p56tf4em0t', '', '2023-12-14 17:50:43', 'gregor@hotmail.com', '240.00', 'pendiente'),
(129, 'jh27a48hbvutmrr0p56tf4em0t', '', '2023-12-14 17:51:59', 'holass@hola.com', '483.00', 'pendiente'),
(130, 'jh27a48hbvutmrr0p56tf4em0t', '', '2023-12-14 17:53:30', 'targaryen@hotmal.com', '555.00', 'pendiente'),
(131, 'jh27a48hbvutmrr0p56tf4em0t', '', '2023-12-14 17:55:17', 'ajapuess@gmail.com', '312.00', 'pendiente'),
(132, 'jh27a48hbvutmrr0p56tf4em0t', '', '2023-12-14 17:59:12', 'mecagooo@chaleeee.net', '112.00', 'pendiente'),
(133, 'jh27a48hbvutmrr0p56tf4em0t', '', '2023-12-14 18:02:54', 'esperoquesea@yastaa.com', '40.00', 'pendiente'),
(134, 'jh27a48hbvutmrr0p56tf4em0t', '', '2023-12-14 18:04:05', 'jonsnow@hotmail.com', '72.00', 'pendiente'),
(135, 'jh27a48hbvutmrr0p56tf4em0t', '', '2023-12-14 18:04:12', 'jonsnow@hotmail.com', '72.00', 'pendiente'),
(136, 'jh27a48hbvutmrr0p56tf4em0t', '', '2023-12-14 18:08:22', 'gabrielaarias@gmail.com', '40.00', 'pendiente'),
(137, 'jh27a48hbvutmrr0p56tf4em0t', '', '2023-12-14 18:11:13', 'finalfinaddddddl@gmail.com', '40.00', 'pendiente'),
(138, 'td7kdc9bhl9te7usnkmi8htfnh', '', '2023-12-14 18:13:01', 'conoooooooo@pf.com', '200.00', 'pendiente'),
(139, 'td7kdc9bhl9te7usnkmi8htfnh', '', '2023-12-15 08:36:27', 'cavernicola@padel.com', '240.00', 'pendiente'),
(140, 'td7kdc9bhl9te7usnkmi8htfnh', '', '2023-12-15 08:44:45', 'holasss@holas.com', '240.00', 'pendiente'),
(141, 'td7kdc9bhl9te7usnkmi8htfnh', '', '2023-12-15 08:52:12', 'pasofinal@hotmail.com', '450.00', 'pendiente'),
(142, 'td7kdc9bhl9te7usnkmi8htfnh', '', '2023-12-15 08:54:22', 'nike@sharingan.net', '650.00', 'pendiente'),
(143, 'vd92snb91v1jtjfcnnq5hraa22', '', '2023-12-15 09:00:51', 'elmejor@gaag.com', '200.00', 'pendiente'),
(144, 'vd92snb91v1jtjfcnnq5hraa22', '', '2023-12-15 09:04:34', 'asfsdfsf@asfsfsasga.lol', '240.00', 'pendiente'),
(145, 'vd92snb91v1jtjfcnnq5hraa22', '', '2023-12-15 09:07:18', 'yabasta@basta.com', '483.00', 'pendiente'),
(146, 'nmhcqkm8hg4jmcldvk4jcese6g', '', '2023-12-15 09:16:13', 'porfavor@porfavor.com', '40.00', 'pendiente'),
(147, 'nmhcqkm8hg4jmcldvk4jcese6g', '', '2023-12-15 09:27:48', 'josedelpino@gmail.com', '175.00', 'pendiente'),
(148, 'nmhcqkm8hg4jmcldvk4jcese6g', '', '2023-12-15 09:29:15', 'josedelpino@gmail.com', '247.00', 'pendiente'),
(149, 'nmhcqkm8hg4jmcldvk4jcese6g', '', '2023-12-15 09:31:58', 'jesuscasanova@gmail.com', '490.00', 'pendiente'),
(150, 'nmhcqkm8hg4jmcldvk4jcese6g', '', '2023-12-15 09:36:10', 'holamundo@gmail.com', '690.00', 'pendiente'),
(151, 'e2bpdfm1dpj2ibndf6qhgv9dde', '', '2023-12-15 09:47:08', 'ya@termine.com', '135.00', 'pendiente'),
(152, 'e2bpdfm1dpj2ibndf6qhgv9dde', '', '2023-12-15 09:48:17', 'yaa@hotmail.com', '207.00', 'pendiente'),
(153, 'e2bpdfm1dpj2ibndf6qhgv9dde', '', '2023-12-15 09:49:01', 'yabasta@basta.com', '247.00', 'pendiente'),
(154, 'e2bpdfm1dpj2ibndf6qhgv9dde', '', '2023-12-15 09:49:26', 'jesuscasanova@gmail.com', '490.00', 'pendiente'),
(155, 'e2bpdfm1dpj2ibndf6qhgv9dde', '', '2023-12-15 09:49:56', 'gaag.m23@gmail.com', '690.00', 'pendiente'),
(156, 'e2bpdfm1dpj2ibndf6qhgv9dde', '', '2023-12-15 09:53:41', 'cavernicola@padel.com', '200.00', 'pendiente'),
(157, 'e2bpdfm1dpj2ibndf6qhgv9dde', '', '2023-12-15 09:57:06', 'cavernicola@padel.com', '240.00', 'pendiente'),
(158, 'e2bpdfm1dpj2ibndf6qhgv9dde', '', '2023-12-15 09:58:44', 'yapues@hotmail.com', '312.00', 'pendiente'),
(159, 'e2bpdfm1dpj2ibndf6qhgv9dde', '', '2023-12-15 10:00:41', 'gabrielaarias@gmail.com', '447.00', 'pendiente'),
(160, 'e2bpdfm1dpj2ibndf6qhgv9dde', '', '2023-12-15 10:04:28', 'targaryen@hotmal.com', '135.00', 'pendiente'),
(161, 'e2bpdfm1dpj2ibndf6qhgv9dde', '', '2023-12-15 10:04:54', 'jonsnow@hotmail.com', '378.00', 'pendiente'),
(162, 'e2bpdfm1dpj2ibndf6qhgv9dde', '', '2023-12-15 10:26:50', 'cavernicola@padel.com', '450.00', 'pendiente'),
(163, 'boa3ven1474dmuetfdqijah75q', '', '2023-12-15 11:35:52', 'final@final.com', '112.00', 'pendiente'),
(164, 'boa3ven1474dmuetfdqijah75q', '', '2023-12-15 11:37:58', 'ghpla@sddgd.com', '112.00', 'pendiente'),
(165, 'boa3ven1474dmuetfdqijah75q', '', '2023-12-15 11:44:03', 'gaag.m23@gmail.com', '560.00', 'pendiente'),
(166, 'boa3ven1474dmuetfdqijah75q', '', '2023-12-15 12:07:36', 'multi@callofduty', '652.00', 'pendiente'),
(167, 'boa3ven1474dmuetfdqijah75q', '', '2023-12-15 12:13:44', 'heloo@4x4.com', '612.00', 'pendiente'),
(168, '2aelqgnr7gk0ianpvpkq6uir47', '', '2023-12-15 13:51:51', 'jesuscasanova2001@gmail.com', '42.00', 'pendiente'),
(169, 'ved70febcsspfu7hhv0vg59c1e', '', '2023-12-15 17:02:56', 'gaagaag@hotmail.com', '237.00', 'pendiente');

--
-- Restricciones para tablas volcadas
--

--
-- Filtros para la tabla `detalle_venta`
--
ALTER TABLE `detalle_venta`
  ADD CONSTRAINT `detalle_venta_ibfk_1` FOREIGN KEY (`id_venta`) REFERENCES `ventas` (`id`) ON DELETE CASCADE ON UPDATE CASCADE,
  ADD CONSTRAINT `detalle_venta_ibfk_2` FOREIGN KEY (`id_producto`) REFERENCES `productos` (`id`) ON DELETE CASCADE ON UPDATE CASCADE;
COMMIT;

/*!40101 SET CHARACTER_SET_CLIENT=@OLD_CHARACTER_SET_CLIENT */;
/*!40101 SET CHARACTER_SET_RESULTS=@OLD_CHARACTER_SET_RESULTS */;
/*!40101 SET COLLATION_CONNECTION=@OLD_COLLATION_CONNECTION */;
